10,440,616,240408,57
10,471,352,173072,37
10,431,520,204547,45
10,463,424,181292,40
10,492,400,175604,36
10,336,376,176901,38
10,393,448,183619,31
10,499,352,164057,35
10,393,616,217663,46
10,409,400,216385,45
10,471,376,191345,37
10,325,520,212062,43
10,458,856,289297,53
10,433,544,201882,46
10,462,424,179963,38
10,353,424,178751,37
10,502,472,199829,44
10,490,448,186017,34
10,437,424,190034,37
10,487,304,152744,37
10,427,400,175612,32
10,469,424,176863,37
10,449,544,202838,44
10,369,328,161848,34
10,393,688,225785,47
10,449,592,209686,41
10,328,376,172351,43
10,391,496,198006,45
10,301,544,204888,53
10,361,304,158044,35
20,983,824,236109,64
20,873,944,253594,69
20,947,1040,264183,72
20,839,848,243415,69
20,888,920,248030,68
20,818,776,232205,72
20,1017,944,310559,81
20,1004,800,260064,70
20,743,776,230142,60
20,802,776,240757,71
20,956,1040,306931,82
20,695,800,318298,59
20,836,800,248054,59
20,841,848,293937,80
20,926,752,356851,85
20,781,776,293040,124
20,990,728,345573,84
20,979,1088,325862,82
20,793,680,237461,61
20,880,776,269688,85
20,772,944,264094,75
20,988,824,242936,60
20,775,920,251513,85
20,901,1064,266305,74
20,861,824,238516,69
20,800,848,239853,65
20,868,704,314343,87
20,734,752,241666,84
20,820,728,262517,72
20,902,800,242625,69
30,1470,1416,302575,104
30,1221,1248,282979,92
30,1348,1152,274251,96
30,1246,1128,273168,94
30,1380,1368,318893,130
30,1215,1224,289460,110
30,1401,1032,266016,86
30,1418,1128,335695,116
30,1200,1200,302618,118
30,1206,1152,327356,100
30,1388,1056,272330,85
30,1128,1464,310931,121
30,1296,1416,299193,110
30,1297,1344,295325,109
30,1352,1056,262492,96
30,1175,1176,280305,94
30,1421,1344,293540,96
30,1444,1200,282885,82
30,1140,1416,299710,103
30,1228,1248,331873,132
30,1160,1128,291085,108
30,1355,1344,315968,111
30,1087,1488,335127,144
30,1409,1200,296249,124
30,1247,1200,284870,113
30,1239,1152,287187,104
30,1388,1200,288782,101
30,1148,1272,300408,112
30,1197,1176,287877,120
30,1224,1128,272316,87
60,2466,2568,375863,200
60,2635,2784,407886,218
60,2735,2472,367454,187
60,2678,2136,344873,185
60,2719,3264,405373,225
60,2412,2184,351862,181
60,2463,2208,345836,202
60,2644,2304,394283,175
60,2337,2472,370980,187
60,2528,2400,355486,192
60,2679,2424,359759,175
60,2704,2496,365989,191
60,2725,2640,377169,179
60,2368,2400,359533,186
60,2688,2328,354465,202
60,2689,2376,359715,195
60,2709,2496,368529,203
60,2648,2016,392252,263
60,2488,2160,840523,273
60,2415,2640,422685,207
60,2311,2496,369827,179
60,2605,2208,353613,172
60,2461,2184,452761,242
60,2691,2256,358417,193
60,2579,2544,369814,209
60,2467,2280,352679,175
60,2682,2304,349945,187
60,2414,2400,362921,187
60,2483,2184,342112,170
60,2497,2256,348020,162
100,4298,4192,448344,354
100,4451,4048,436295,311
100,4449,3784,427724,301
100,4324,3472,407472,258
100,4645,3664,420117,282
100,4133,3784,429484,291
100,4242,3808,425885,308
100,4199,3664,423036,278
100,4171,3808,433333,313
100,4003,3880,426860,303
100,4474,3568,412334,304
100,4568,3784,426057,291
100,4812,4072,438243,314
100,3927,3712,426623,308
100,4430,3760,426612,309
100,4295,3736,453423,316
100,4284,4024,442562,323
100,4407,4216,447845,305
100,4350,3832,431945,368
100,4128,4240,446500,328
100,3964,3640,424210,293
100,4443,3544,415227,262
100,4111,3520,417432,294
100,4286,3808,427579,292
100,4293,3976,432940,290
100,4196,3640,420053,272
100,4531,4168,437972,309
100,4034,3664,418453,269
100,4052,4144,450473,326
100,4410,3880,433797,281
200,8368,8024,553053,705
200,8652,7376,540065,624
200,8545,7832,541713,686
200,8752,7376,538075,657
200,8959,7424,534896,637
200,8664,7136,534305,658
200,8399,7520,539491,650
200,8644,8024,543614,670
200,8136,7208,531784,634
200,8298,7088,524544,681
200,9217,7616,539413,719
200,9045,7064,527821,660
200,9000,7544,537246,686
200,8190,6920,525862,610
200,8814,7832,549724,655
200,8456,7328,532810,646
200,8489,7952,546344,661
200,8604,8288,557538,712
200,8781,7352,533633,614
200,8534,7760,543956,642
200,8333,7568,539812,661
200,8553,7880,546833,692
200,8338,7664,537713,614
200,8948,7448,539553,695
200,8491,7280,540786,596
200,8220,8144,554991,616
200,8734,7616,538046,740
200,8291,7472,535119,733
200,8529,8192,550797,633
200,8658,8384,562695,697
400,16656,15136,656689,1352
400,17155,13984,639078,1367
400,16929,14392,650629,1331
400,17156,16048,667182,1447
400,16841,13744,634617,1288
400,16891,14152,675528,1213
400,16961,14944,798103,1597
400,17082,15376,666890,1376
400,16229,15136,665320,1368
400,17177,14704,659428,1390
400,17250,15616,649218,1210
400,17744,14200,646382,1356
400,17611,15064,655943,1321
400,16305,14920,658312,1355
400,16844,15208,658791,1440
400,16781,14944,659103,1434
400,17246,14944,647947,1320
400,17408,14704,647427,1307
400,18029,14800,651550,1382
400,17448,15280,654150,1427
400,16664,15232,664702,1418
400,17408,15016,689817,1413
400,16946,15568,667166,1460
400,17835,14872,657408,1325
400,16759,15664,671721,1426
400,16790,14848,653858,1373
400,17411,14680,682657,1510
400,16900,14320,655988,1393
400,17315,14824,662365,1409
400,17242,14584,649395,1374
700,29719,25072,747614,2394
700,29829,25888,751078,2572
700,29988,25384,748414,2441
700,30257,26056,757340,2559
700,29830,26776,763269,2611
700,29223,27064,758947,2584
700,29888,25480,750342,2776
700,29546,26704,771340,2409
700,28423,25528,748578,2574
700,29993,26464,762351,2541
700,30168,26656,757175,2569
700,30511,25624,759668,2587
700,30236,26728,792144,2640
700,28613,25984,750500,2550
700,29976,27064,783056,2563
700,29426,26632,759298,2650
700,29642,25096,758351,2627
700,30606,25960,752776,2462
700,30215,25552,752104,2605
700,31064,25648,753672,2577
700,29162,26560,762940,2554
700,30247,25696,746471,2536
700,29548,25480,749393,2551
700,30663,26080,754007,2690
700,30439,26512,758340,2604
700,29661,25624,751970,2575
700,30653,25144,765147,2559
700,29290,26704,759645,2571
700,30379,26872,765711,2480
700,30404,26704,759592,2613
1000,42003,36904,826908,3701
1000,41694,35704,809731,3651
1000,42582,37720,819056,3352
1000,42812,36136,807753,3462
1000,42629,36472,814590,3466
1000,42431,36856,824592,3646
1000,42983,37816,823770,3590
1000,42478,37768,823809,3611
1000,41431,36400,818507,3441
1000,42734,37720,824733,3692
1000,42909,37864,843933,3727
1000,43400,37456,922356,4047
1000,43065,36592,832169,3600
1000,41287,35944,820845,3648
1000,42376,37384,928028,4521
1000,41972,37072,909964,3936
1000,42508,37168,1000617,3891
1000,44062,36232,850731,3816
1000,42910,39496,940602,3749
1000,44800,36640,987687,3688
1000,41603,36808,823591,3508
1000,42943,36928,823676,3467
1000,42098,38656,829975,3568
1000,43530,38440,832787,3737
1000,43671,37240,829188,3569
1000,42064,36472,824194,3412
1000,43242,36952,825640,3596
1000,42121,38776,830451,3720
1000,43166,37744,831265,3543
1000,43465,37336,820993,3588
1400,58552,53024,882135,5106
1400,58235,52232,883027,5374
1400,58425,52280,885191,5287
1400,59132,52424,886488,5026
1400,59630,50240,874760,4883
1400,59184,52208,885930,5018
1400,60001,50576,907277,5347
1400,59467,52136,1011495,5657
1400,58776,52568,879419,5217
1400,59565,51392,888698,5388
1400,59746,53024,890314,5262
1400,59977,52832,893345,5130
1400,59900,52400,880543,5015
1400,58506,50288,881648,5033
1400,60072,52568,888994,5042
1400,58507,51368,882283,5084
1400,59712,51656,891127,5275
1400,61613,52280,888027,5410
1400,60171,51272,880890,5086
1400,62061,52640,909676,5128
1400,58503,51968,880473,5250
1400,60577,52760,898239,5078
1400,59536,51656,887220,5240
1400,60991,54560,902637,5361
1400,60996,51080,876058,4965
1400,58978,52544,902924,5118
1400,59885,51176,882379,5176
1400,59650,52688,894730,5450
1400,60090,51680,875488,5144
1400,59985,52928,884838,5065
2500,105693,91552,1010417,9426
2500,105485,92992,994019,9079
2500,105897,91000,1005192,9212
2500,104292,92536,990589,8966
2500,106580,93112,987605,9046
2500,106209,89824,989851,9280
2500,105959,90136,980584,9381
2500,105739,89968,983191,8850
2500,105500,91888,987190,9798
2500,105187,91384,977517,9304
2500,106129,93184,986441,9140
2500,106146,91960,995854,9282
2500,104846,91264,991266,9346
2500,105486,92656,1013391,9223
2500,107804,91816,977317,9083
2500,105675,91216,989684,9246
2500,107281,94024,999346,9109
2500,107906,91840,988818,9661
2500,106950,91048,986313,9247
2500,108559,91840,992623,9235
2500,105599,91360,984364,9333
2500,107406,91072,994760,9371
2500,106756,90952,985506,9445
2500,107563,91816,982253,9201
2500,108613,91216,982352,8872
2500,105472,90712,985420,9575
2500,107288,91888,977855,8967
2500,105086,89824,977424,9105
2500,106808,91456,982026,9403
2500,106564,93568,994367,9396
4000,169053,146704,1077094,14174
4000,169142,146752,1070884,14194
4000,169689,145960,1075934,14519
4000,168478,149416,1082823,14509
4000,170575,147808,1284095,14550
4000,172029,146464,1112918,14530
4000,171044,146728,1121484,14418
4000,171190,147232,1101122,14821
4000,166964,150952,1094939,14987
4000,168694,145960,1083790,14694
4000,171100,144664,1097507,14203
4000,170466,145336,1076269,13966
4000,167956,149560,1111466,15162
4000,168274,146968,1078720,14241
4000,172105,147448,1071411,14079
4000,170443,145144,1082719,14858
4000,171404,144928,1072522,14425
4000,171669,145120,1090910,14161
4000,170223,146656,1084634,14553
4000,173011,149176,1076789,14798
4000,167935,148024,1076588,14552
4000,169015,147208,1083392,14459
4000,170435,150688,1085381,14516
4000,171275,147040,1078386,14320
4000,171384,146872,1094774,14121
4000,169124,148456,1078793,14077
4000,170964,148120,1077456,14463
4000,169159,147112,1099068,14435
4000,171062,148528,1108564,15174
4000,170518,148264,1086995,14645
8000,338159,293360,1224529,29590
8000,338699,292880,1206507,29069
8000,341928,288896,1207015,28683
8000,338135,291272,1208466,28131
8000,340143,290864,1216984,29136
8000,341797,293528,1217520,29613
8000,342337,294752,1198291,28318
8000,341897,295280,1216944,29479
8000,335657,294056,1225463,28543
8000,339366,293336,1211912,27903
8000,340248,291992,1211100,27210
8000,339138,291176,1201375,28692
8000,338625,290408,1211052,28263
8000,336183,291560,1201339,27707
8000,343450,294848,1204429,28782
8000,337730,292832,1205354,29006
8000,344912,291800,1400930,27967
8000,342471,294008,1214511,28412
8000,341014,293936,1242733,28573
8000,342722,294656,1200399,29331
8000,338381,293960,1210209,27945
8000,335734,296480,1213139,28569
8000,341712,293312,1208818,28725
8000,341689,289352,1201229,29719
8000,342125,290168,1204947,28446
8000,338808,292016,1211028,29035
8000,344622,289568,1208876,28305
8000,339542,293456,1203247,27760
8000,340884,288752,1258210,28533
8000,341498,295784,1210779,28780
10000,422295,366544,1264859,36991
10000,422716,368584,1249073,37026
10000,426378,362320,1275385,36987
10000,422823,365680,1259158,36351
10000,424807,368368,1253324,38844
10000,428001,365224,1280048,36583
10000,426501,365944,1245756,36669
10000,426680,366664,1323773,40831
10000,421970,366448,1274298,36873
10000,424563,365512,1265514,37016
10000,424294,364912,1259808,36544
10000,424142,364528,1267038,36511
10000,424275,362920,1311451,36180
10000,420829,362512,1266573,36627
10000,429089,369640,1258142,37627
10000,424043,364624,1259612,37617
10000,428340,365560,1256137,37322
10000,426646,364048,1243874,38107
10000,427386,364984,1245300,36760
10000,428501,363664,1259700,37969
10000,423475,365440,1255226,36363
10000,422443,363496,1246543,35500
10000,426160,365464,1240201,36462
10000,427634,367600,1265352,36798
10000,426233,368512,1269094,36958
10000,425530,363928,1256759,37596
10000,429353,361192,1255822,39116
10000,425174,370888,1267520,37533
10000,426551,363664,1244108,37625
10000,426683,367096,1260144,36396
16000,675043,583480,1356081,59628
16000,676239,587272,1346697,57626
16000,684026,583984,1323333,58633
16000,677485,583552,1343147,59057
16000,679499,584320,1356180,59265
16000,682837,587368,1338693,58591
16000,683524,582616,1332309,56492
16000,681916,585904,1334076,58743
16000,677542,584824,1336350,57117
16000,677636,587920,1468470,85994
16000,680015,587392,1354933,56821
16000,679507,585016,1346126,57680
16000,680321,586168,1338353,59123
16000,680502,581488,1328853,58248
16000,686136,586936,1358727,57882
16000,676203,581320,1352411,58165
16000,682086,582136,1344922,58094
16000,683633,583168,1356104,58802
16000,682148,586552,1351159,59204
16000,685014,581152,1342920,59022
16000,675883,585760,1372792,58974
16000,676226,583600,1334247,57820
16000,680314,585328,1344415,58753
16000,680074,587944,1342164,58730
16000,679982,586648,1341257,57591
16000,682422,586744,1332372,58190
16000,686858,584800,1336187,58243
16000,680472,584944,1360159,59267
16000,680018,587848,1338093,56892
16000,681788,581296,1341997,57546
30000,1269455,1095216,1479224,109477
30000,1269751,1089048,1478267,110069
30000,1282766,1087896,1526336,111641
30000,1272316,1093584,1468478,113952
30000,1275898,1097112,1464716,108983
30000,1272810,1101792,1478184,110613
30000,1277508,1093656,1480519,109564
30000,1272629,1095048,1468452,111066
30000,1275095,1102032,1475052,109972
30000,1271337,1101720,1481419,111026
30000,1274763,1098672,1474798,111166
30000,1273879,1094616,1470594,109826
30000,1277357,1088376,1479783,110976
30000,1276619,1095672,1732939,157635
30000,1281585,1095816,1505669,110949
30000,1273662,1095456,1491107,108898
30000,1274283,1093464,1469484,109247
30000,1278755,1099200,1495568,111073
30000,1278192,1091736,1511267,110837
30000,1282426,1100280,1475698,111205
30000,1275141,1095024,1453787,110987
30000,1278771,1101384,1460428,112964
30000,1274808,1098000,1463627,108870
30000,1272875,1094736,1476443,111141
30000,1278578,1095528,1480524,109670
30000,1279334,1098048,1487051,108903
30000,1284229,1094064,1459840,108832
30000,1277417,1088952,1459051,109162
30000,1280075,1095120,1454717,109143
30000,1273672,1091376,1477275,108579
50000,2121628,1829576,1573653,187584
50000,2111652,1822736,1573968,185397
50000,2133817,1824200,1571766,188422
50000,2120981,1812584,1600860,187480
50000,2128702,1826624,1594987,187392
50000,2120303,1830608,1586958,185883
50000,2127330,1823024,1562839,186992
50000,2118603,1824152,1577592,185905
50000,2124438,1823408,1575656,187326
50000,2124410,1828064,1615291,189799
50000,2120372,1831184,1577288,186406
50000,2129492,1827896,1585527,186403
50000,2135734,1826432,1562718,185510
50000,2129685,1818968,1567443,185710
50000,2132371,1832336,1564762,184622
50000,2120344,1822712,1580386,187538
50000,2126339,1825088,1590835,184989
50000,2126418,1824200,1576503,188019
50000,2128239,1823984,1607113,186923
50000,2129699,1833680,1588068,186794
50000,2123260,1835072,1593891,188746
50000,2131536,1831880,1563693,194386
50000,2126066,1828136,1567020,185776
50000,2123794,1834352,1576023,187621
50000,2133818,1828664,1578680,186287
50000,2128868,1828112,1568424,189862
50000,2138192,1816856,1569431,193488
50000,2128776,1824464,1564104,189510
50000,2126488,1832576,1581973,189892
50000,2125228,1829240,1573757,189191
100000,4249105,3648712,1740034,396015
100000,4235228,3642328,1728617,399919
100000,4256794,3648064,1737883,403549
100000,4244279,3658576,1752326,413630
100000,4245096,3643720,1733871,404996
100000,4238607,3652144,1935065,400231
100000,4258262,3650752,1727696,400748
100000,4248128,3659416,1740707,411665
100000,4250358,3643672,1732432,399946
100000,4251183,3639616,1731955,400455
100000,4246222,3651352,1738318,400341
100000,4257356,3668032,1737079,402691
100000,4256269,3646072,1728263,406098
100000,4257742,3658360,1742240,401492
100000,4262718,3658192,1760814,396264
100000,4243981,3632872,1759637,396959
100000,4251257,3656008,1714582,403217
100000,4249403,3651256,1761287,402864
100000,4257651,3652816,1718612,399150
100000,4262685,3656584,1719330,398420
100000,4245123,3644368,1690053,402657
100000,4255391,3663064,1740625,418979
100000,4256364,3647608,1721732,398267
100000,4249461,3658384,1738885,394233
100000,4258895,3649288,1721584,400229
100000,4264071,3649576,1717712,400306
100000,4265068,3667624,1773174,400793
100000,4253786,3646480,1768980,399670
100000,4251316,3655672,1729383,399751
100000,4249029,3655840,1713260,404843
