10,440,54261,130884,149306
10,471,36356,153480,70192
10,431,36212,117182,72318
10,463,36444,173916,70924
10,492,54454,176322,109096
10,336,54294,137746,108998
10,393,36260,121028,69712
10,499,54286,129201,109827
10,393,36276,128587,69357
10,409,54140,73472,109875
10,471,54342,150477,120821
10,325,36356,148464,68733
10,458,54230,109611,110244
10,433,36516,185007,69474
10,462,36380,153893,70230
10,353,36323,147823,69507
10,502,36324,144741,78289
10,490,36171,90748,70622
10,437,36227,110832,69331
10,487,36380,157845,69799
10,427,36212,126438,70950
10,469,36163,122649,96230
10,449,36268,155003,109098
10,369,36468,178414,79641
10,393,36316,147374,69866
10,449,54269,118636,110071
10,328,36468,180766,69433
10,391,54318,142649,110692
10,301,36171,101436,69679
10,361,36164,89328,69722
20,983,54493,178538,111448
20,873,36387,154840,69016
20,947,54516,182456,109701
20,839,36331,142383,76795
20,888,36395,160689,70686
20,818,54460,175584,110206
20,1017,54285,129292,108877
20,1004,36532,187955,69717
20,743,36523,185224,69304
20,802,54613,205827,110947
20,956,36548,190245,70594
20,695,54373,150922,109096
20,836,36491,176999,72826
20,841,36499,176686,71743
20,926,36548,189648,69338
20,781,36403,162350,69173
20,990,54428,170949,115577
20,979,36467,171630,70130
20,793,36531,185259,69294
20,880,36595,200493,69777
20,772,36667,207621,78342
20,988,36347,150309,69525
20,775,54533,187433,110523
20,901,36652,202291,71073
20,861,54652,209040,110370
20,800,36435,165939,70245
20,868,36379,156159,71889
20,734,36411,159852,70026
20,820,36323,143078,69537
20,902,36691,216262,69930
30,1470,36691,213987,71519
30,1221,36715,214571,72182
30,1348,37323,297549,71575
30,1246,36819,231372,70156
30,1380,37043,254382,69647
30,1215,37027,254941,69951
30,1401,36547,190649,70000
30,1418,54482,177954,109606
30,1200,54628,209106,108778
30,1206,36763,217764,69134
30,1388,54508,180210,108714
30,1128,36675,211581,69503
30,1296,37099,259557,70664
30,1297,36746,217571,69525
30,1352,36698,211805,71255
30,1175,54524,199408,110625
30,1421,36651,201090,69380
30,1444,54484,180187,108973
30,1140,36795,226232,68989
30,1228,54524,187147,109565
30,1160,54316,144635,110655
30,1355,36611,198773,70348
30,1087,36811,225620,69702
30,1409,37019,247868,69148
30,1247,37011,250293,70311
30,1239,36907,240757,69741
30,1388,36450,167198,69373
30,1148,37059,256584,70258
30,1197,36699,213482,68844
30,1224,54538,190189,109611
60,2466,37073,253697,70070
60,2635,37145,262672,70070
60,2735,37162,266769,69988
60,2678,37641,309074,70721
60,2719,37498,296955,70309
60,2412,54898,251827,110880
60,2463,37482,297171,69328
60,2644,37961,334775,70646
60,2337,55393,298293,111018
60,2528,37538,299152,69450
60,2679,36921,239605,69107
60,2704,55080,279253,137914
60,2725,37321,286623,69196
60,2368,37305,280810,71758
60,2688,37633,310150,72576
60,2689,37242,284928,70628
60,2709,37001,244788,69805
60,2648,37266,275491,69111
60,2488,37169,265131,70397
60,2415,55130,264374,109794
60,2311,54948,249587,110626
60,2605,37241,271754,69097
60,2461,37241,273174,71762
60,2691,55257,274052,110510
60,2579,37201,265522,73500
60,2467,55346,293032,109701
60,2682,36993,244826,70964
60,2414,37201,271916,69357
60,2483,37441,299280,77007
60,2497,37345,282722,70122
100,4298,55686,326609,109292
100,4451,38287,375410,69446
100,4449,55367,323742,179548
100,4324,55454,292859,110603
100,4645,37792,316199,70863
100,4133,37880,326440,69362
100,4242,38047,332845,69720
100,4199,38296,354876,69980
100,4171,38143,342870,70974
100,4003,38448,361932,70211
100,4474,55512,303065,108847
100,4568,37799,311606,71671
100,4812,55544,313471,110551
100,3927,55598,311526,118288
100,4430,38392,357243,72081
100,4295,38089,350142,72280
100,4284,38224,349680,69871
100,4407,56199,349664,110470
100,4350,38015,339351,73309
100,4128,38184,343373,69690
100,3964,38608,373021,70846
100,4443,38016,338662,69539
100,4111,55879,321084,108869
100,4286,38505,368469,70722
100,4293,38129,341581,69305
100,4196,38296,351721,69502
100,4531,37720,311303,69822
100,4034,39071,396358,71102
100,4052,37848,333072,69113
100,4410,55687,306547,110161
200,8368,39628,416744,70394
200,8652,39507,412984,69771
200,8545,39994,437233,71490
200,8752,56846,397808,115206
200,8959,40178,440358,73671
200,8664,39681,450281,69724
200,8399,39530,415539,72318
200,8644,40476,461319,70189
200,8136,57188,433289,112530
200,8298,41859,508569,81453
200,9217,57128,398257,115605
200,9045,56720,375862,110805
200,9000,40149,441140,72962
200,8190,57744,429374,110387
200,8814,39834,429099,70392
200,8456,57282,399343,108720
200,8489,57308,414962,111811
200,8604,40122,441891,70279
200,8781,40404,444642,69676
200,8534,57105,393236,115112
200,8333,40308,444911,70378
200,8553,56876,407586,109407
200,8338,56994,392799,108700
200,8948,56825,384957,109033
200,8491,40788,460926,70477
200,8220,56544,368227,110425
200,8734,39811,425228,78809
200,8291,39923,423589,71347
200,8529,40195,444377,70152
200,8658,40372,448424,71680
400,16656,59726,510861,113481
400,17155,75210,410943,153233
400,16929,43419,535325,69772
400,17156,60577,523526,111193
400,16841,44187,550156,69832
400,16891,59618,499374,110732
400,16961,43812,543272,70592
400,17082,43859,540334,70385
400,16229,43243,551976,71508
400,17177,43425,532715,70499
400,17250,60346,517098,110289
400,17744,44092,555322,71486
400,17611,44930,563756,71824
400,16305,59602,490890,112137
400,16844,60330,512867,109510
400,16781,44291,549403,77032
400,17246,44460,554163,70036
400,17408,59899,503828,119076
400,18029,43746,538478,69960
400,17448,76162,459335,153948
400,16664,60139,507573,109730
400,17408,43699,550657,100720
400,16946,43514,535289,69989
400,17835,43579,540256,70552
400,16759,43260,527585,70155
400,16790,59600,501323,110161
400,17411,43363,532365,70737
400,16900,76178,454526,157079
400,17315,59208,487500,109808
400,17242,44827,568386,72565
700,29719,64172,609146,112794
700,29829,64792,606635,110435
700,29988,63886,583687,110465
700,30257,51004,699949,70975
700,29830,48844,657279,149532
700,29223,63638,595468,113333
700,29888,49348,653368,72550
700,29546,80960,596377,155546
700,28423,50790,655551,70544
700,29993,49064,644541,69540
700,30168,49315,647375,70262
700,30511,64758,597523,110709
700,30236,64152,601249,110757
700,28613,78560,524810,151553
700,29976,78606,534349,159884
700,29426,63490,591218,111324
700,29642,48314,620197,75329
700,30606,49503,630863,70993
700,30215,49223,631312,75229
700,31064,63988,590268,110020
700,29162,79178,539696,150355
700,30247,48972,623192,71197
700,29548,62932,566597,110374
700,30663,63316,589205,109726
700,30439,63808,591865,109343
700,29661,48726,628400,73926
700,30653,63570,579995,110570
700,29290,47876,612082,70238
700,30379,77798,505774,149230
700,30404,49268,630297,69927
1000,42003,68115,641055,109748
1000,41694,67708,677362,114892
1000,42582,69132,657679,111441
1000,42812,66998,643343,112045
1000,42629,67810,641518,110414
1000,42431,67938,680986,112163
1000,42983,69300,661297,110564
1000,42478,67400,647472,110755
1000,41431,67760,639375,111971
1000,42734,81858,597608,149644
1000,42909,67024,640591,110337
1000,43400,67504,648175,111866
1000,43065,97862,558252,197610
1000,41287,67202,651036,118506
1000,42376,56314,696862,70411
1000,41972,81586,597907,155103
1000,42508,68288,654836,111734
1000,44062,53951,687127,71280
1000,42910,56305,708295,76821
1000,44800,69051,659959,111001
1000,41603,67664,647675,110682
1000,42943,68731,653350,117028
1000,42098,82672,610386,151320
1000,43530,80822,585583,150896
1000,43671,68521,652386,109482
1000,42064,67212,639836,109989
1000,43242,81026,590459,150105
1000,42121,68380,666229,109546
1000,43166,67080,643809,109432
1000,43465,54839,696529,71729
1400,58552,84784,637848,158148
1400,58235,75614,719586,109623
1400,58425,62458,751514,89661
1400,59132,72286,703988,110341
1400,59630,85464,648631,151538
1400,59184,99095,597327,201967
1400,60001,73764,699183,112065
1400,59467,83730,628931,152535
1400,58776,85664,650485,151835
1400,59565,99990,607311,197317
1400,59746,86702,676401,155115
1400,59977,84612,636375,149843
1400,59900,85806,649736,161150
1400,58506,99376,601009,195195
1400,60072,74328,700069,110966
1400,58507,85818,649883,149658
1400,59712,84818,641483,153377
1400,61613,84480,640234,151177
1400,60171,86318,655442,150146
1400,62061,100376,600399,197002
1400,58503,60781,744158,71456
1400,60577,100139,615131,196135
1400,59536,74111,705934,113120
1400,60991,64001,756191,71401
1400,60996,85134,640565,159290
1400,58978,74305,711959,110809
1400,59885,85530,650817,150776
1400,59650,71596,820533,112267
1400,60090,62658,747704,71183
1400,59985,74156,698836,110667
2500,105693,93846,732290,152063
2500,105485,95802,742783,151786
2500,105897,94978,742765,152186
2500,104292,96574,750315,150408
2500,106580,119654,648343,248759
2500,106209,94806,748469,155047
2500,105959,94560,740956,150649
2500,105739,94884,739131,152986
2500,105500,94216,732030,150462
2500,105187,95166,731499,150691
2500,106129,105576,687464,197457
2500,106146,95578,742063,149725
2500,104846,109362,736550,211357
2500,105486,94404,735384,150839
2500,107804,92916,731694,150848
2500,105675,98017,775015,156975
2500,107281,93446,722545,150567
2500,107906,89887,811068,111368
2500,106950,96344,755540,151186
2500,108559,95668,749300,151130
2500,105599,95086,737630,169033
2500,107406,108182,722301,201725
2500,106756,119816,646756,246164
2500,107563,107268,687538,206772
2500,108613,96024,748652,150750
2500,105472,107570,744812,196637
2500,107288,90277,848846,200028
2500,105086,96532,761199,157104
2500,106808,94840,740031,152626
2500,106564,102116,795344,159750
4000,169053,116265,776386,197171
4000,169142,117564,781573,221993
4000,169689,125091,697415,244312
4000,168478,115730,779771,195833
4000,170575,126033,712174,240647
4000,172029,116492,774027,198823
4000,171044,126582,722911,239664
4000,171190,116836,762095,196354
4000,166964,118710,781516,203197
4000,168694,115805,770876,195163
4000,171100,109592,819451,152851
4000,170466,115777,778576,196403
4000,167956,116946,781320,196721
4000,168274,127628,748246,245252
4000,172105,114526,754941,202544
4000,170443,125558,707713,240036
4000,171404,126323,706818,248063
4000,171669,107126,830676,151096
4000,170223,115912,777693,198840
4000,173011,126680,715981,244408
4000,167935,125570,700447,241633
4000,169015,114987,766173,201512
4000,170435,115932,761514,198470
4000,171275,126377,717680,247509
4000,171384,125008,695690,243539
4000,169124,124909,693054,241095
4000,170964,127856,729374,240062
4000,169159,108564,815365,152161
4000,171062,116665,771645,197346
4000,170518,116368,771504,195832
8000,338159,159240,703200,340364
8000,338699,142827,814048,243010
8000,341928,143102,814293,245153
8000,338135,150025,746197,294714
8000,340143,153118,775098,301485
8000,341797,144350,834917,251322
8000,342337,162044,729532,347865
8000,341897,153977,775256,291188
8000,335657,149818,765954,291838
8000,339366,143811,973485,254011
8000,340248,150746,775622,298251
8000,339138,151570,780461,293117
8000,338625,152997,766395,292948
8000,336183,149458,760364,297750
8000,343450,151794,778132,288496
8000,337730,160276,703732,341400
8000,344912,152320,775535,292247
8000,342471,144026,818368,245264
8000,341014,157744,713408,350777
8000,342722,159040,689184,343117
8000,338381,154751,776328,292724
8000,335734,150978,774071,294181
8000,341712,150262,763208,294947
8000,341689,151918,776919,293181
8000,342125,159688,697228,346296
8000,338808,150510,768434,289073
8000,344622,143406,808001,240605
8000,339542,148938,753107,292019
8000,340884,161332,721848,341681
8000,341498,152750,763247,289069
10000,422295,155854,727158,304466
10000,422716,163936,732600,340637
10000,426378,164296,744484,341869
10000,422823,165076,718094,432486
10000,424807,157098,796449,290382
10000,428001,162696,724156,353780
10000,426501,156206,791996,290752
10000,426680,162132,737128,338507
10000,421970,164080,727843,346298
10000,424563,162576,719995,340779
10000,424294,162332,716834,339425
10000,424142,164932,736275,338364
10000,424275,165116,735036,345037
10000,420829,164880,744381,339109
10000,429089,164388,737927,338225
10000,424043,162940,720780,354083
10000,428340,165016,751403,339963
10000,426646,157086,797914,293421
10000,427386,155522,782041,290485
10000,428501,162924,725030,344194
10000,423475,152863,1038361,280865
10000,422443,164004,739790,346291
10000,426160,164528,741072,338381
10000,427634,163596,727950,344446
10000,426233,165508,743200,340860
10000,425530,161469,806370,294923
10000,429353,163720,732260,340203
10000,425174,164480,734465,357452
10000,426551,163664,731528,337765
10000,426683,165604,738110,344415
16000,675043,183703,755734,384533
16000,676239,183074,751661,393998
16000,684026,174456,784862,334261
16000,677485,182232,742685,388713
16000,679499,176732,787458,336602
16000,682837,172700,765209,343964
16000,683524,182255,749372,422631
16000,681916,182864,746561,385698
16000,677542,176796,783541,334690
16000,677636,175492,785770,341616
16000,680015,177136,809826,354063
16000,679507,174488,772950,332804
16000,680321,177120,820487,339087
16000,680502,182109,744280,396432
16000,686136,184174,737744,391532
16000,676203,184269,760050,390431
16000,682086,175600,785474,333634
16000,683633,181293,739781,389935
16000,682148,191363,680553,449257
16000,685014,177004,790270,340240
16000,675883,176712,783300,333854
16000,676226,181008,741779,387396
16000,680314,182379,744369,387099
16000,680074,181995,739965,388596
16000,679982,190495,673025,459972
16000,682422,181991,767994,396823
16000,686858,191464,683353,445018
16000,680472,176812,786132,339143
16000,680018,176268,782585,344112
16000,681788,185470,748622,398234
30000,1269455,201524,856562,490609
30000,1269751,207480,695601,486566
30000,1282766,202408,724801,437719
30000,1272316,203268,721112,423538
30000,1275898,200621,707954,432179
30000,1272810,199618,697804,425217
30000,1277508,201947,717759,421142
30000,1272629,208274,682545,471255
30000,1275095,201510,705675,421347
30000,1271337,206302,667803,480539
30000,1274763,201118,715635,423382
30000,1273879,203356,721841,419668
30000,1277357,201362,713418,420910
30000,1276619,200190,707263,428915
30000,1281585,218078,636573,537453
30000,1273662,202857,720407,420230
30000,1274283,213928,685605,487882
30000,1278755,208348,682887,489350
30000,1278192,200800,708386,430884
30000,1282426,201695,732125,456576
30000,1275141,206996,674113,481380
30000,1278771,209232,685195,481750
30000,1274808,202938,721847,431748
30000,1272875,201760,718946,453535
30000,1278578,200306,706013,430002
30000,1279334,201372,720302,421598
30000,1284229,204408,729598,432678
30000,1277417,203202,732268,435787
30000,1280075,208318,689129,475752
30000,1273672,204218,722179,422484
50000,2121628,219744,615199,491467
50000,2111652,224096,581778,547080
50000,2133817,219158,620166,496852
50000,2120981,235541,544619,608822
50000,2128702,226666,606174,573348
50000,2120303,222789,572642,552235
50000,2127330,219380,613180,506949
50000,2118603,224225,591688,542220
50000,2124438,223150,575925,545523
50000,2124410,218140,613188,513379
50000,2120372,223237,578635,554986
50000,2129492,218782,613640,497770
50000,2135734,219492,617394,509401
50000,2129685,224961,768921,600576
50000,2132371,225289,594514,556292
50000,2120344,226008,595711,546830
50000,2126339,225807,594482,538187
50000,2126418,225191,586105,544453
50000,2128239,218140,610660,495000
50000,2129699,224591,580760,548342
50000,2123260,223591,588094,548027
50000,2131536,224499,588199,539699
50000,2126066,222793,576982,552977
50000,2123794,226040,604960,585184
50000,2133818,224503,587767,540923
50000,2128868,213386,655424,436950
50000,2138192,224474,581434,542057
50000,2128776,219834,610764,501636
50000,2126488,225698,581459,549211
50000,2125228,234938,534558,604520
100000,4249105,232048,370390,528111
100000,4235228,218742,382311,491580
100000,4256794,225030,375040,512599
100000,4244279,224025,371390,550382
100000,4245096,220542,382080,492792
100000,4238607,224469,367471,507860
100000,4258262,220886,381261,496311
100000,4248128,225547,372523,504800
100000,4250358,220022,376451,484534
100000,4251183,219454,379405,493445
100000,4246222,229052,382668,526754
100000,4257356,216225,388181,465643
100000,4256269,217494,367995,490661
100000,4257742,220158,379066,485775
100000,4262718,218503,393431,465385
100000,4243981,226011,379032,549542
100000,4251257,226657,377148,504779
100000,4249403,217990,371283,489687
100000,4257651,220607,404689,467600
100000,4262685,218758,376542,486917
100000,4245123,220558,382023,490101
100000,4255391,220726,383989,486122
100000,4256364,220358,378550,484469
100000,4249461,223699,364960,508408
100000,4258895,221606,384557,483298
100000,4264071,221110,386645,483221
100000,4265068,226023,459650,569021
100000,4253786,224358,371392,515656
100000,4251316,221678,385732,484564
100000,4249029,220230,382015,502061
